<?xml version="1.0" encoding="UTF-8"?>
<project-private xmlns="http://www.netbeans.org/ns/project-private/1">
    <editor-bookmarks xmlns="http://www.netbeans.org/ns/editor-bookmarks/2" lastBookmarkId="0"/>
    <open-files xmlns="http://www.netbeans.org/ns/projectui-open-files/2">
        <group>
            <file>file:/D:/LearningJava/Java%20Servlet/Exercise/Student/web/index.jsp</file>
            <file>file:/D:/LearningJava/Java%20Servlet/Exercise/Student/src/java/servlet/ViewStudentServlet.java</file>
            <file>file:/D:/LearningJava/Java%20Servlet/Exercise/Student/src/java/model/Student.java</file>
        </group>
    </open-files>
</project-private>
